topic,sum,average
economy,-1271.3909442082195,-0.039529613040083934
microsoft,-318.81900083682035,-0.014899476625704287
obama,-481.8388358106563,-0.01779644822938712
palestine,-363.16995277670947,-0.043861105407815154
