topic,sum,average
economy,-336.9370044373348,-0.010475919672833218
microsoft,49.43849052234931,0.00231042576513456
obama,-15.743686315455399,-0.0005814842591119261
palestine,-164.48440896913743,-0.019865266783712247
